SNP	gene	impact	most_severe_consequence	consequence_terms	biotype	amino_acids	protein_start	protein_end	sift_prediction	polyphen_prediction	CADD_PHRED_max
rs10061936	LNPEP	MODIFIER	intron_variant	intron_variant	protein_coding						
rs10069361	LNPEP	MODIFIER	intron_variant	intron_variant	protein_coding						
rs10071975	LNPEP	MODIFIER	intron_variant	intron_variant	protein_coding						
rs10076136	LNPEP	MODIFIER	intron_variant	intron_variant	protein_coding						
rs1019503	ERAP2	MODIFIER	3_prime_UTR_variant	downstream_gene_variant	protein_coding						
rs1056893	ERAP2	LOW	synonymous_variant	synonymous_variant	protein_coding	S	730	730			
rs11135485	LNPEP	MODIFIER	intron_variant	intron_variant	protein_coding						
rs1216565	CTD-2260A17.2	MODIFIER	intron_variant	intron_variant,non_coding_transcript_variant	processed_transcript						
rs1216569	CTD-2260A17.2	MODIFIER	intron_variant	intron_variant,non_coding_transcript_variant	processed_transcript						
rs1230381	ERAP2	MODIFIER	3_prime_UTR_variant	downstream_gene_variant	protein_coding						
rs1230382	ERAP2	MODIFIER	3_prime_UTR_variant	downstream_gene_variant	protein_coding						
rs12716486	LNPEP	MODIFIER	intron_variant	intron_variant	protein_coding						
rs13163165	ERAP2	MODIFIER	intron_variant	intron_variant	protein_coding						
rs1363975	ERAP2	MODIFIER	intron_variant	intron_variant	protein_coding						
rs1363977	ERAP2	MODIFIER	intron_variant	intron_variant	protein_coding						
rs1423568	ERAP2	MODIFIER	intron_variant	intron_variant	protein_coding						
rs1559267	LNPEP	MODIFIER	intron_variant	intron_variant	protein_coding						
rs17087165	ERAP2	MODIFIER	intron_variant	intron_variant	protein_coding						
rs171647	ERAP2	MODIFIER	intron_variant	intron_variant	protein_coding						
rs1820149	LNPEP	MODIFIER	intron_variant	intron_variant	protein_coding						
rs187265	ERAP2	MODIFIER	intron_variant	intron_variant	protein_coding						
rs193993	ERAP2	MODIFIER	intron_variant	intron_variant	protein_coding						
rs193994	ERAP2	MODIFIER	intron_variant	downstream_gene_variant	protein_coding						
rs1981846	LNPEP	MODIFIER	intron_variant	upstream_gene_variant	protein_coding						
rs2042383	ERAP2	MODIFIER	intron_variant	intron_variant	protein_coding						
rs2042385	ERAP2	MODIFIER	intron_variant	intron_variant	protein_coding						
rs2112974	LNPEP	MODIFIER	intron_variant	intron_variant	protein_coding						
rs2113050	LNPEP	MODIFIER	intron_variant	intron_variant	protein_coding						
rs2113189	ERAP2	MODIFIER	intron_variant	intron_variant	protein_coding						
rs2113190	ERAP2	MODIFIER	intron_variant	intron_variant	protein_coding						
rs2113191	ERAP2	MODIFIER	intron_variant	intron_variant	protein_coding						
rs2161657	ERAP2	MODIFIER	intron_variant	intron_variant	protein_coding						
rs2161658	ERAP2	MODIFIER	intron_variant	intron_variant	protein_coding						
rs2247650	ERAP2	MODIFIER	intron_variant	intron_variant	protein_coding						
rs2248374	ERAP2	LOW	splice_donor_region_variant	splice_donor_region_variant,intron_variant	protein_coding						
rs2255546	ERAP2	MODERATE	missense_variant	missense_variant	protein_coding	L/I	826	826	deleterious	possibly_damaging	
rs2255633	ERAP2	MODIFIER	intron_variant	intron_variant	protein_coding						
rs2255634	ERAP2	MODIFIER	intron_variant	intron_variant	protein_coding						
rs2255637	ERAP2	MODIFIER	intron_variant	intron_variant	protein_coding						
rs2287988	ERAP2	LOW	synonymous_variant	synonymous_variant	protein_coding	Q	518	518			
rs248215	LNPEP	MODIFIER	3_prime_UTR_variant	3_prime_UTR_variant	protein_coding						
rs251342	ERAP2	MODIFIER	intron_variant	intron_variant	protein_coding						
rs2548520	ERAP2	MODIFIER	intron_variant	intron_variant	protein_coding						
rs2548521	ERAP2	MODIFIER	intron_variant	intron_variant	protein_coding						
rs2548522	ERAP2	MODIFIER	intron_variant	intron_variant	protein_coding						
rs2548523	ERAP2	MODIFIER	intron_variant	intron_variant	protein_coding						
rs2548524	ERAP2	MODIFIER	intron_variant	intron_variant	protein_coding						
rs2548526	ERAP2	MODIFIER	non_coding_transcript_exon_variant	intron_variant	protein_coding						
rs2548527	ERAP2	MODIFIER	intron_variant	intron_variant	protein_coding						
rs2548528	ERAP2	MODIFIER	intron_variant	intron_variant	protein_coding						
rs2548529	ERAP2	MODIFIER	intron_variant	intron_variant	protein_coding						
rs2548533	ERAP2	MODIFIER	non_coding_transcript_exon_variant	intron_variant	protein_coding						
rs2548534	ERAP2	MODIFIER	intron_variant	intron_variant	protein_coding						
rs2548535	ERAP2	MODIFIER	intron_variant	intron_variant	protein_coding						
rs2548536	ERAP2	MODIFIER	non_coding_transcript_exon_variant	intron_variant	protein_coding						
rs2548537	ERAP2	MODIFIER	intron_variant	intron_variant	protein_coding						
rs2548538	ERAP2	LOW	synonymous_variant	synonymous_variant	protein_coding	P	390	390			
rs2548539	ERAP2	MODIFIER	intron_variant	intron_variant	protein_coding						
rs2548540	ERAP2	MODIFIER	intron_variant	intron_variant	protein_coding						
rs2549781	ERAP2	MODIFIER	intron_variant	intron_variant	protein_coding						
rs2549782	ERAP2	MODERATE	missense_variant	missense_variant	protein_coding	K/N	347	347	tolerated	benign	
rs2549784	ERAP2	MODIFIER	intron_variant	intron_variant	protein_coding						
rs2549785	ERAP2	MODIFIER	non_coding_transcript_exon_variant	intron_variant	protein_coding						
rs2549787	ERAP2	MODIFIER	intron_variant	intron_variant	protein_coding						
rs2549788	ERAP2	MODIFIER	intron_variant	intron_variant	protein_coding						
rs2549789	ERAP2	MODIFIER	intron_variant	intron_variant	protein_coding						
rs2549790	ERAP2	MODIFIER	intron_variant	intron_variant	protein_coding						
rs2549791	ERAP2	MODIFIER	intron_variant	intron_variant	protein_coding						
rs2549792	ERAP2	MODIFIER	intron_variant	intron_variant	protein_coding						
rs2549795	ERAP2	MODIFIER	intron_variant	intron_variant	protein_coding						
rs2549796	ERAP2	LOW	synonymous_variant	synonymous_variant	protein_coding	G	698	698			
rs2549797	ERAP2	LOW	splice_donor_5th_base_variant	splice_donor_5th_base_variant,intron_variant,NMD_transcript_variant	nonsense_mediated_decay						
rs2549799	ERAP2	MODIFIER	non_coding_transcript_exon_variant	intron_variant	protein_coding						
rs2549800	ERAP2	MODIFIER	intron_variant	intron_variant	protein_coding						
rs2549801	ERAP2	MODIFIER	intron_variant	intron_variant	protein_coding						
rs2617434	LNPEP	MODIFIER	5_prime_UTR_variant	5_prime_UTR_variant	protein_coding						
rs27292	LNPEP	MODIFIER	intron_variant	intron_variant	protein_coding						
rs27294	LNPEP	MODIFIER	intron_variant	intron_variant	protein_coding						
rs27296	LNPEP	MODIFIER	intron_variant	intron_variant	protein_coding						
rs27299	LNPEP	MODIFIER	intron_variant	intron_variant	protein_coding						
rs27305	LNPEP	MODIFIER	intron_variant	intron_variant	protein_coding						
rs27397	LNPEP	MODIFIER	intron_variant	intron_variant	protein_coding						
rs27613	LNPEP	MODIFIER	intron_variant	intron_variant	protein_coding						
rs27621	LNPEP	MODIFIER	intron_variant	intron_variant	protein_coding						
rs27747	LNPEP	MODIFIER	intron_variant	intron_variant	protein_coding						
rs2910688	ERAP2	MODIFIER	intron_variant	intron_variant	protein_coding						
rs2910787	LNPEP	MODIFIER	intron_variant	intron_variant	protein_coding						
rs31398	LNPEP	MODIFIER	intron_variant	intron_variant	protein_coding						
rs33934033	ERAP2	MODIFIER	intron_variant	intron_variant	protein_coding						
rs38035	LNPEP	MODIFIER	intron_variant	intron_variant	protein_coding						
rs38036	LNPEP	MODIFIER	intron_variant	intron_variant	protein_coding						
rs38037	LNPEP	MODIFIER	intron_variant	intron_variant	protein_coding						
rs38040	LNPEP	MODIFIER	intron_variant	intron_variant	protein_coding						
rs38041	LNPEP	MODIFIER	intron_variant	intron_variant	protein_coding						
rs38042	LNPEP	MODIFIER	intron_variant	intron_variant	protein_coding						
rs3849750	ERAP2	MODIFIER	intron_variant	intron_variant	protein_coding						
rs42983	LNPEP	MODIFIER	intron_variant	intron_variant	protein_coding						
rs6556943	ERAP2	MODIFIER	intron_variant	intron_variant	protein_coding						
rs6859160	ERAP2	MODIFIER	intron_variant	intron_variant	protein_coding						
rs6870825	LNPEP	MODIFIER	intron_variant	intron_variant	protein_coding						
rs6873441	ERAP2	MODIFIER	intron_variant	intron_variant	protein_coding						
rs6874656	ERAP2	MODIFIER	intron_variant	intron_variant	protein_coding						
rs6879678	LNPEP	MODIFIER	intron_variant	intron_variant	protein_coding						
rs7700332	LNPEP	MODIFIER	intron_variant	intron_variant	protein_coding						
rs7713127	LNPEP	MODIFIER	intron_variant	intron_variant	protein_coding						
rs7722694	LNPEP	MODIFIER	intron_variant	intron_variant	protein_coding						
rs7736466	LNPEP	MODIFIER	intron_variant	intron_variant	protein_coding						
rs79860256	LNPEP	MODIFIER	intron_variant	intron_variant	protein_coding						
rs9127	LNPEP	MODIFIER	3_prime_UTR_variant	3_prime_UTR_variant	protein_coding						
